{
	"parent": "block/block",
	"textures": {
		"log": "tcc:block/teapot/log",
		"teapot": "tcc:block/teapot/pot"
	},
	"elements": [
		{
			"from": [12, 0, 7],
			"to": [14, 14, 9],
			"rotation": {"angle": 0, "axis": "y", "origin": [8, 6, 8]},
			"faces": {
				"north": {"uv": [1, 1, 2, 8], "texture": "#log"},
				"east": {"uv": [0, 1, 1, 8], "texture": "#log"},
				"south": {"uv": [3, 1, 4, 8], "texture": "#log"},
				"west": {"uv": [2, 1, 3, 8], "texture": "#log"},
				"up": {"uv": [2, 1, 1, 0], "texture": "#log"},
				"down": {"uv": [3, 0, 2, 1], "texture": "#log"}
			}
		},
		{
			"from": [2, 0, 7],
			"to": [4, 14, 9],
			"rotation": {"angle": 0, "axis": "y", "origin": [8, 6, 8]},
			"faces": {
				"north": {"uv": [5, 1, 6, 8], "texture": "#log"},
				"east": {"uv": [4, 1, 5, 8], "texture": "#log"},
				"south": {"uv": [7, 1, 8, 8], "texture": "#log"},
				"west": {"uv": [6, 1, 7, 8], "texture": "#log"},
				"up": {"uv": [6, 1, 5, 0], "texture": "#log"},
				"down": {"uv": [7, 0, 6, 1], "texture": "#log"}
			}
		},
		{
			"from": [2, 14, 7],
			"to": [14, 16, 9],
			"rotation": {"angle": 0, "axis": "y", "origin": [8, 6, 8]},
			"faces": {
				"north": {"uv": [1, 9, 7, 10], "texture": "#log"},
				"east": {"uv": [0, 9, 1, 10], "texture": "#log"},
				"south": {"uv": [8, 9, 14, 10], "texture": "#log"},
				"west": {"uv": [7, 9, 8, 10], "texture": "#log"},
				"up": {"uv": [7, 9, 1, 8], "texture": "#log"},
				"down": {"uv": [13, 8, 7, 9], "texture": "#log"}
			}
		},
		{
			"from": [4.5, 5, 4.5],
			"to": [11.5, 12, 11.5],
			"faces": {
				"north": {"uv": [3.5, 3.5, 7, 7], "texture": "#teapot"},
				"east": {"uv": [0, 3.5, 3.5, 7], "texture": "#teapot"},
				"south": {"uv": [10.5, 3.5, 14, 7], "texture": "#teapot"},
				"west": {"uv": [7, 3.5, 10.5, 7], "texture": "#teapot"},
				"up": {"uv": [7, 3.5, 3.5, 0], "texture": "#teapot"},
				"down": {"uv": [10.5, 0, 7, 3.5], "texture": "#teapot"}
			}
		},
		{
			"from": [5.5, 12, 5.5],
			"to": [10.5, 5, 10.5],
			"faces": {
				"north": {"uv": [4, 7, 6.5, 3.5], "texture": "#teapot"},
				"east": {"uv": [0.5, 7, 3, 3.5], "texture": "#teapot"},
				"south": {"uv": [11, 7, 13.5, 3.5], "texture": "#teapot"},
				"west": {"uv": [7.5, 7, 10, 3.5], "texture": "#teapot"},
				"up": {"uv": [10, 3, 7.5, 0.5], "texture": "#teapot"}
			}
		},
		{
			"from": [7.5, 12.001, 5.5],
			"to": [8.5, 16.001, 10.5],
			"faces": {
				"north": {"uv": [0, 7, 0.5, 9], "texture": "#teapot"},
				"south": {"uv": [2, 7, 2.5, 9], "texture": "#teapot"},
				"up": {"uv": [1.5, 9.5, 1, 7], "texture": "#teapot"}
			}
		},
		{
			"from": [7.5, 16.001, 5.5],
			"to": [8.5, 12.001, 10.5],
			"faces": {
				"north": {"uv": [0.5, 9, 1, 7], "texture": "#teapot"},
				"south": {"uv": [2.5, 9, 3, 7], "texture": "#teapot"},
				"down": {"uv": [2, 7, 1.5, 9.5], "texture": "#teapot"}
			}
		},
		{
			"from": [7.5, 7, 2.5],
			"to": [8.5, 9, 4.5],
			"faces": {
				"north": {"uv": [4, 8, 4.5, 9], "texture": "#teapot"},
				"east": {"uv": [3, 8, 4, 9], "texture": "#teapot"},
				"south": {"uv": [5.5, 8, 6, 9], "texture": "#teapot"},
				"west": {"uv": [4.5, 8, 5.5, 9], "texture": "#teapot"},
				"up": {"uv": [4.5, 8, 4, 7], "texture": "#teapot"},
				"down": {"uv": [5, 7, 4.5, 8], "texture": "#teapot"}
			}
		},
		{
			"from": [7.5, 9, 1.5],
			"to": [8.5, 10, 3.5],
			"faces": {
				"north": {"uv": [7, 8, 7.5, 8.5], "texture": "#teapot"},
				"east": {"uv": [6, 8, 7, 8.5], "texture": "#teapot"},
				"south": {"uv": [8.5, 8, 9, 8.5], "texture": "#teapot"},
				"west": {"uv": [7.5, 8, 8.5, 8.5], "texture": "#teapot"},
				"up": {"uv": [7.5, 8, 7, 7], "texture": "#teapot"},
				"down": {"uv": [8, 7, 7.5, 8], "texture": "#teapot"}
			}
		}
	],
	"display": {
		"ground": {
			"rotation": [0, 90, 0],
			"translation": [0, -1.63, -6.4],
			"scale": [1.066, 1.066, 1.066]
		}
	}
}