{
	"textures": {
		"0": "tcc:block/geomancer_pillar/explosive",
		"particle": "tcc:block/geomancer_pillar/explosive_particles"
	},
	"elements": [
		{
			"from": [0, -16, 0],
			"to": [16, 32, 16],
			"faces": {
				"north": {"uv": [0, 4, 4, 16], "texture": "#0"},
				"east": {"uv": [12, 4, 16, 16], "texture": "#0"},
				"south": {"uv": [8, 4, 12, 16], "texture": "#0"},
				"west": {"uv": [4, 4, 8, 16], "texture": "#0"},
				"up": {"uv": [4, 0, 8, 4], "texture": "#0"},
				"down": {"uv": [8, 0, 12, 4], "texture": "#0"}
			}
		}
	],
	"display": {
		"head": {
			"translation": [0, -17.55, 0],
			"scale": [1.601, 1.601, 1.601]
		}
	}
}
