{
  "providers": [
    {
      "type": "space",
      "advances": {
        " ": 4
      }
    },
    {
      "type": "bitmap",
      "file": "tcc:gui/compendium/pages/cover.png",
      "ascent": 32,
      "height": 81,
      "chars": [
        "\ud000"
      ]
    },
    {
      "type": "bitmap",
      "file": "tcc:gui/compendium/spacers/entry_icon_spacer.png",
      "ascent": 16,
      "height": 16,
      "chars": [
        "\ud001"
      ]
    },
    {
      "type": "bitmap",
      "file": "tcc:gui/compendium/pages/entry.png",
      "ascent": 32,
      "height": 155,
      "chars": [
        "\ud002"
      ]
    },
    {
      "type": "bitmap",
      "file": "tcc:gui/compendium/pages/entry_with_link.png",
      "ascent": 32,
      "height": 155,
      "chars": [
        "\ud003"
      ]
    },
    {
      "type": "bitmap",
      "file": "tcc:gui/compendium/spacers/arrow_edge.png",
      "ascent": 12,
      "height": 12,
      "chars": [
        "\ud004"
      ]
    },
    {
      "type": "bitmap",
      "file": "tcc:gui/compendium/spacers/arrow_spacer.png",
      "ascent": 9,
      "height": 9,
      "chars": [
        "\ud005"
      ]
    },
    {
      "type": "bitmap",
      "file": "tcc:gui/compendium/pages/index_with_link.png",
      "ascent": 32,
      "height": 155,
      "chars": [
        "\ud006"
      ]
    },
    {
      "type": "bitmap",
      "file": "tcc:gui/compendium/pages/recipe.png",
      "ascent": 32,
      "height": 155,
      "chars": [
        "\ud008"
      ]
    },
    {
      "type": "bitmap",
      "file": "tcc:gui/compendium/spacers/recipe_output_spacer.png",
      "ascent": 7,
      "height": 16,
      "chars": [
        "\ud009"
      ]
    },
    {
      "type": "bitmap",
      "file": "tcc:gui/compendium/spacers/recipe_output_spacer.png",
      "ascent": 16,
      "height": 16,
      "chars": [
        "\ud010"
      ]
    },
    {
      "type": "bitmap",
      "file": "tcc:gui/compendium/spacers/arrow_button.png",
      "ascent": 12,
      "height": 12,
      "chars": [
        "\ud011"
      ]
    },
    {
      "type": "bitmap",
      "file": "tcc:gui/compendium/pages/index.png",
      "ascent": 32,
      "height": 146,
      "chars": [
        "\ud012"
      ]
    },
    {
      "type": "bitmap",
      "file": "tcc:gui/compendium/spacers/index_edge.png",
      "ascent": 10,
      "height": 22,
      "chars": [
        "\ud013"
      ]
    },
    {
      "type": "bitmap",
      "file": "tcc:gui/compendium/spacers/index_edge.png",
      "ascent": 19,
      "height": 22,
      "chars": [
        "\ud014"
      ]
    },
    {
      "type": "bitmap",
      "file": "tcc:gui/compendium/icons/cover/website.png",
      "ascent": 10,
      "height": 12,
      "chars": [
        "\ud016"
      ]
    },
    {
      "type": "bitmap",
      "file": "tcc:gui/compendium/icons/cover/github.png",
      "ascent": 10,
      "height": 12,
      "chars": [
        "\ud017"
      ]
    },
    {
      "type": "bitmap",
      "file": "tcc:gui/compendium/icons/cover/reddit.png",
      "ascent": 10,
      "height": 12,
      "chars": [
        "\ud018"
      ]
    },
    {
      "type": "bitmap",
      "file": "tcc:gui/compendium/icons/cover/discord.png",
      "ascent": 10,
      "height": 12,
      "chars": [
        "\ud019"
      ]
    },
    {
      "type": "bitmap",
      "file": "tcc:gui/compendium/spacers/cover_edge.png",
      "ascent": 12,
      "height": 16,
      "chars": [
        "\ud020"
      ]
    },
    {
      "type": "bitmap",
      "file": "tcc:gui/compendium/pages/faq.png",
      "ascent": 32,
      "height": 146,
      "chars": [
        "\ud023"
      ]
    },
    {
      "type": "bitmap",
      "file": "tcc:gui/compendium/spacers/recipe_edge.png",
      "ascent": 10,
      "height": 58,
      "chars": [
        "\ue000"
      ]
    },
    {
      "type": "bitmap",
        "file": "tcc:gui/compendium/spacers/recipe_edge.png",
      "ascent": 19,
      "height": 58,
      "chars": [
        "\ue001"
      ]
    },
    {
      "type": "bitmap",
        "file": "tcc:gui/compendium/spacers/recipe_edge.png",
      "ascent": 28,
      "height": 58,
      "chars": [
        "\ue002"
      ]
    },
    {
      "type": "bitmap",
      "file": "tcc:gui/compendium/spacers/recipe_edge.png",
      "ascent": 37,
      "height": 58,
      "chars": [
        "\ue003"
      ]
    },
    {
      "type": "bitmap",
        "file": "tcc:gui/compendium/spacers/recipe_edge.png",
      "ascent": 46,
      "height": 58,
      "chars": [
        "\ue004"
      ]
    },
    {
      "type": "bitmap",
        "file": "tcc:gui/compendium/spacers/recipe_edge.png",
      "ascent": 55,
      "height": 58,
      "chars": [
        "\ue005"
      ]
    }
  ]
}
