{
	"textures": {
		"0": "minecraft:entity/witch",
		"1": "tcc:entity/passive_witch/legs"
	},
	"elements": [
		{
			"name": "torso",
			"from": [4, 6, 5],
			"to": [12, 18, 11],
			"faces": {
				"north": {"uv": [5.5, 3.25, 7.5, 4.75], "texture": "#0"},
				"east": {"uv": [4, 3.25, 5.5, 4.75], "texture": "#0"},
				"south": {"uv": [9, 3.25, 11, 4.75], "texture": "#0"},
				"west": {"uv": [7.5, 3.25, 9, 4.75], "texture": "#0"},
				"up": {"uv": [5.5, 2.5, 7.5, 3.25], "texture": "#0"},
				"down": {"uv": [7.5, 2.5, 10, 3.25], "texture": "#0"}
			}
		},
		{
			"name": "robe_outside",
			"from": [3.5, -1.5, 4.5],
			"to": [12.5, 18.5, 11.5],
			"faces": {
				"north": {"uv": [1.5, 5.5, 3.5, 8], "texture": "#0"},
				"east": {"uv": [0, 5.5, 1.5, 8], "texture": "#0"},
				"south": {"uv": [5, 5.5, 7, 8], "texture": "#0"},
				"west": {"uv": [3.5, 5.5, 5, 8], "texture": "#0"},
				"up": {"uv": [3.5, 5.5, 1.5, 4.75], "texture": "#0"}
			}
		},
		{
			"name": "robe_inside",
			"from": [3.5, 18.5, 4.5],
			"to": [12.5, -1.5, 11.5],
			"faces": {
				"north": {"uv": [3.5, 5.5, 1.5, 8], "rotation": 180, "texture": "#0"},
				"east": {"uv": [1.5, 5.5, 0, 8], "rotation": 180, "texture": "#0"},
				"south": {"uv": [7, 5.5, 5, 8], "rotation": 180, "texture": "#0"},
				"west": {"uv": [5, 5.5, 3.5, 8], "rotation": 180, "texture": "#0"},
				"down": {"uv": [3.5, 4.75, 1.5, 5.5], "texture": "#0"}
			}
		},
		{
			"name": "left_arm",
			"from": [0, 8, 5],
			"to": [4, 16, 9],
			"rotation": {"angle": 45, "axis": "x", "origin": [14, 14, 8]},
			"faces": {
				"north": {"uv": [13, 3.25, 12, 4.25], "texture": "#0"},
				"east": {"uv": [14, 6.5, 13, 8.5], "texture": "#0"},
				"south": {"uv": [15, 3.25, 14, 4.25], "texture": "#0"},
				"west": {"uv": [12, 3.25, 11, 4.25], "texture": "#0"},
				"up": {"uv": [13, 2.75, 12, 3.25], "texture": "#0"},
				"down": {"uv": [14, 2.75, 13, 3.25], "texture": "#0"}
			}
		},
		{
			"name": "right_arm",
			"from": [12, 8, 5],
			"to": [16, 16, 9],
			"rotation": {"angle": 45, "axis": "x", "origin": [14, 14, 8]},
			"faces": {
				"north": {"uv": [12, 3.25, 13, 4.25], "texture": "#0"},
				"east": {"uv": [11, 3.25, 12, 4.25], "texture": "#0"},
				"south": {"uv": [14, 3.25, 15, 4.25], "texture": "#0"},
				"west": {"uv": [13, 3.25, 14, 4.25], "texture": "#0"},
				"up": {"uv": [13, 2.75, 12, 3.25], "texture": "#0"},
				"down": {"uv": [14, 2.75, 13, 3.25], "texture": "#0"}
			}
		},
		{
			"name": "middle_arm",
			"from": [4, 8, 5],
			"to": [12, 12, 9],
			"rotation": {"angle": 45, "axis": "x", "origin": [14, 14, 8]},
			"faces": {
				"north": {"uv": [11, 5.25, 13, 5.75], "texture": "#0"},
				"east": {"uv": [11, 5.25, 10, 5.75], "texture": "#0"},
				"south": {"uv": [15, 5.25, 13, 4.75], "texture": "#0"},
				"west": {"uv": [13, 5.25, 14, 5.75], "texture": "#0"},
				"up": {"uv": [16, 5.75, 14, 5.25], "texture": "#0"},
				"down": {"uv": [15, 4.75, 13, 5.25], "texture": "#0"}
			}
		},
		{
			"name": "left_leg",
			"from": [4, -6, 6],
			"to": [8, 6, 10],
			"rotation": {"angle": 0, "axis": "x", "origin": [6, 5, 8]},
			"faces": {
				"north": {"uv": [10, 2, 12, 8], "texture": "#1"},
				"east": {"uv": [8, 2, 10, 8], "texture": "#1"},
				"south": {"uv": [14, 2, 16, 8], "texture": "#1"},
				"west": {"uv": [12, 2, 14, 8], "texture": "#1"},
				"up": {"uv": [10, 0, 12, 2], "texture": "#1"},
				"down": {"uv": [12, 0, 14, 2], "texture": "#1"}
			}
		},
		{
			"name": "left_leg_front",
			"from": [4, -6, 6],
			"to": [8, 6, 10],
			"rotation": {"angle": 22.5, "axis": "x", "origin": [6, 4, 8]},
			"faces": {
				"north": {"uv": [2, 2, 4, 8], "texture": "#1"},
				"east": {"uv": [0, 2, 2, 8], "texture": "#1"},
				"south": {"uv": [6, 2, 8, 8], "texture": "#1"},
				"west": {"uv": [4, 2, 6, 8], "texture": "#1"},
				"up": {"uv": [2, 0, 4, 2], "texture": "#1"},
				"down": {"uv": [4, 0, 6, 2], "texture": "#1"}
			}
		},
		{
			"name": "left_leg_back",
			"from": [4, -6, 6],
			"to": [8, 6, 10],
			"rotation": {"angle": -22.5, "axis": "x", "origin": [6, 4, 8]},
			"faces": {
				"north": {"uv": [10, 10, 12, 16], "texture": "#1"},
				"east": {"uv": [8, 10, 10, 16], "texture": "#1"},
				"south": {"uv": [14, 10, 16, 16], "texture": "#1"},
				"west": {"uv": [12, 10, 14, 16], "texture": "#1"},
				"up": {"uv": [10, 8, 12, 10], "texture": "#1"},
				"down": {"uv": [12, 8, 14, 10], "texture": "#1"}
			}
		},
		{
			"name": "right_leg",
			"from": [8, -6, 6],
			"to": [12, 6, 10],
			"rotation": {"angle": 0, "axis": "x", "origin": [10, 5, 8]},
			"faces": {
				"north": {"uv": [10, 2, 12, 8], "texture": "#1"},
				"east": {"uv": [8, 2, 10, 8], "texture": "#1"},
				"south": {"uv": [16, 2, 14, 8], "texture": "#1"},
				"west": {"uv": [12, 2, 14, 8], "texture": "#1"},
				"up": {"uv": [10, 0, 12, 2], "texture": "#1"},
				"down": {"uv": [12, 0, 14, 2], "rotation": 180, "texture": "#1"}
			}
		},
		{
			"name": "right_leg_front",
			"from": [8, -6, 6],
			"to": [12, 6, 10],
			"rotation": {"angle": 22.5, "axis": "x", "origin": [10, 4, 8]},
			"faces": {
				"north": {"uv": [10, 10, 12, 16], "texture": "#1"},
				"east": {"uv": [8, 10, 10, 16], "texture": "#1"},
				"south": {"uv": [14, 10, 16, 16], "texture": "#1"},
				"west": {"uv": [12, 10, 14, 16], "texture": "#1"},
				"up": {"uv": [10, 8, 12, 10], "texture": "#1"},
				"down": {"uv": [12, 8, 14, 10], "texture": "#1"}
			}
		},
		{
			"name": "right_leg_back",
			"from": [8, -6, 6],
			"to": [12, 6, 10],
			"rotation": {"angle": -22.5, "axis": "x", "origin": [10, 4, 8]},
			"faces": {
				"north": {"uv": [2.5, 2, 4.5, 8], "texture": "#1"},
				"east": {"uv": [0, 2, 2, 8], "texture": "#1"},
				"south": {"uv": [6, 2, 8, 8], "texture": "#1"},
				"west": {"uv": [4, 2, 6, 8], "texture": "#1"},
				"up": {"uv": [2, 0, 4, 2], "texture": "#1"},
				"down": {"uv": [4, 0, 6, 2], "texture": "#1"}
			}
		}
	],
	"display": {
		"ground": {
			"rotation": [0, -180, 0],
			"translation": [0, -3.5, -6.4]
		}
	}
}