{
	"credit": "Made with Blockbench",
	"textures": {
		"0": "abilities/tnt/magnet/tnt_side",
		"1": "abilities/tnt/magnet/tnt_top",
		"2": "abilities/tnt/magnet/tnt_bottom",
		"3": "abilities/tnt/magnet/lapis_block",
		"4": "abilities/tnt/magnet/redstone_block",
		"5": "abilities/tnt/magnet/iron_block",
		"particle": "abilities/tnt/magnet/tnt_side"
	},
	"elements": [
		{
			"from": [0, 0, 0],
			"to": [16, 16, 16],
			"faces": {
				"north": {"uv": [0, 0, 16, 16], "texture": "#0"},
				"east": {"uv": [0, 0, 16, 16], "texture": "#0"},
				"south": {"uv": [0, 0, 16, 16], "texture": "#0"},
				"west": {"uv": [0, 0, 16, 16], "texture": "#0"},
				"up": {"uv": [0, 0, 16, 16], "texture": "#1"},
				"down": {"uv": [0, 0, 16, 16], "texture": "#2"}
			}
		},
		{
			"from": [6, 16, 6],
			"to": [8, 19, 10],
			"faces": {
				"north": {"uv": [0, 0, 2, 3], "texture": "#4"},
				"east": {"uv": [0, 0, 4, 3], "texture": "#4"},
				"south": {"uv": [0, 0, 2, 3], "texture": "#4"},
				"west": {"uv": [0, 0, 4, 3], "texture": "#4"},
				"up": {"uv": [0, 0, 2, 4], "texture": "#4"},
				"down": {"uv": [0, 0, 2, 4], "texture": "#4"}
			}
		},
		{
			"from": [8, 16, 6],
			"to": [10, 19, 10],
			"faces": {
				"north": {"uv": [0, 0, 2, 3], "texture": "#3"},
				"east": {"uv": [0, 0, 4, 3], "texture": "#3"},
				"south": {"uv": [0, 0, 2, 3], "texture": "#3"},
				"west": {"uv": [0, 0, 4, 3], "texture": "#3"},
				"up": {"uv": [0, 0, 2, 4], "texture": "#3"},
				"down": {"uv": [0, 0, 2, 4], "texture": "#3"}
			}
		},
		{
			"from": [9.73254, 16.34462, 6.05],
			"to": [12.73254, 19.34462, 10],
			"rotation": {"angle": 22.5, "axis": "z", "origin": [10.73254, 16.84462, 8.05]},
			"faces": {
				"north": {"uv": [0, 0, 3, 3], "texture": "#3"},
				"east": {"uv": [0, 0, 3.95, 3], "texture": "#3"},
				"south": {"uv": [0, 0, 3, 3], "texture": "#3"},
				"west": {"uv": [0, 0, 3.95, 3], "texture": "#3"},
				"up": {"uv": [0, 0, 3, 3.95], "texture": "#3"},
				"down": {"uv": [0, 0, 3, 3.95], "texture": "#3"}
			}
		},
		{
			"from": [12.12519, 17.70871, 6.025],
			"to": [15.12519, 20.70871, 10.025],
			"rotation": {"angle": 45, "axis": "z", "origin": [13.12519, 18.20871, 8.025]},
			"faces": {
				"north": {"uv": [0, 0, 3, 3], "texture": "#3"},
				"east": {"uv": [0, 0, 4, 3], "texture": "#3"},
				"south": {"uv": [0, 0, 3, 3], "texture": "#3"},
				"west": {"uv": [0, 0, 4, 3], "texture": "#3"},
				"up": {"uv": [0, 0, 3, 4], "texture": "#3"},
				"down": {"uv": [0, 0, 3, 4], "texture": "#3"}
			}
		},
		{
			"from": [12.23758, 19.00191, 6.05],
			"to": [15.23758, 22.00191, 10],
			"rotation": {"angle": -22.5, "axis": "z", "origin": [15.73758, 20.00191, 8.05]},
			"faces": {
				"north": {"uv": [0, 0, 3, 3], "rotation": 90, "texture": "#3"},
				"east": {"uv": [0, 0, 3, 3.95], "rotation": 270, "texture": "#3"},
				"south": {"uv": [0, 0, 3, 3], "rotation": 270, "texture": "#3"},
				"west": {"uv": [0, 0, 3, 3.95], "rotation": 270, "texture": "#3"},
				"up": {"uv": [0, 0, 3.95, 3], "rotation": 270, "texture": "#3"},
				"down": {"uv": [0, 0, 3.95, 3], "rotation": 270, "texture": "#3"}
			}
		},
		{
			"from": [13.04101, 22.04101, 6.025],
			"to": [16.04101, 29.04101, 10.025],
			"rotation": {"angle": 0, "axis": "z", "origin": [14.54101, 25.47837, 8.025]},
			"faces": {
				"north": {"uv": [0, 0, 7, 3], "rotation": 90, "texture": "#3"},
				"east": {"uv": [0, 0, 7, 4], "rotation": 270, "texture": "#3"},
				"south": {"uv": [0, 0, 7, 3], "rotation": 270, "texture": "#3"},
				"west": {"uv": [0, 0, 7, 4], "rotation": 270, "texture": "#3"},
				"up": {"uv": [0, 0, 4, 3], "rotation": 270, "texture": "#3"},
				"down": {"uv": [0, 0, 4, 3], "rotation": 270, "texture": "#3"}
			}
		},
		{
			"from": [3.26746, 16.34462, 6.05],
			"to": [6.26746, 19.34462, 10],
			"rotation": {"angle": -22.5, "axis": "z", "origin": [5.26746, 16.84462, 8.05]},
			"faces": {
				"north": {"uv": [3, 0, 0, 3], "texture": "#4"},
				"east": {"uv": [3.95, 0, 0, 3], "texture": "#4"},
				"south": {"uv": [3, 0, 0, 3], "texture": "#4"},
				"west": {"uv": [3.95, 0, 0, 3], "texture": "#4"},
				"up": {"uv": [3, 0, 0, 3.95], "texture": "#4"},
				"down": {"uv": [3, 0, 0, 3.95], "texture": "#4"}
			}
		},
		{
			"from": [0.87481, 17.70871, 6.025],
			"to": [3.87481, 20.70871, 10.025],
			"rotation": {"angle": -45, "axis": "z", "origin": [2.87481, 18.20871, 8.025]},
			"faces": {
				"north": {"uv": [3, 0, 0, 3], "texture": "#4"},
				"east": {"uv": [4, 0, 0, 3], "texture": "#4"},
				"south": {"uv": [3, 0, 0, 3], "texture": "#4"},
				"west": {"uv": [4, 0, 0, 3], "texture": "#4"},
				"up": {"uv": [3, 0, 0, 4], "texture": "#4"},
				"down": {"uv": [3, 0, 0, 4], "texture": "#4"}
			}
		},
		{
			"from": [-0.04101, 22.04101, 6.025],
			"to": [2.95899, 29.04101, 10.025],
			"rotation": {"angle": 0, "axis": "z", "origin": [1.45899, 25.47837, 8.025]},
			"faces": {
				"north": {"uv": [0, 3, 7, 6], "rotation": 90, "texture": "#4"},
				"east": {"uv": [0, 4, 7, 8], "rotation": 270, "texture": "#4"},
				"south": {"uv": [0, 3, 7, 6], "rotation": 270, "texture": "#4"},
				"west": {"uv": [0, 4, 7, 8], "rotation": 270, "texture": "#4"},
				"up": {"uv": [0, 3, 4, 6], "rotation": 270, "texture": "#4"},
				"down": {"uv": [0, 3, 4, 6], "rotation": 270, "texture": "#4"}
			}
		},
		{
			"from": [-0.04101, 29.04101, 6.025],
			"to": [2.95899, 32, 10.025],
			"rotation": {"angle": 0, "axis": "z", "origin": [1.45899, 25.47837, 8.025]},
			"faces": {
				"north": {"uv": [0, 3, 2.95899, 6], "rotation": 90, "texture": "#5"},
				"east": {"uv": [0, 4, 2.95899, 8], "rotation": 270, "texture": "#5"},
				"south": {"uv": [0, 3, 2.95899, 6], "rotation": 270, "texture": "#5"},
				"west": {"uv": [0, 4, 2.95899, 8], "rotation": 270, "texture": "#5"},
				"up": {"uv": [0, 3, 4, 6], "rotation": 270, "texture": "#5"},
				"down": {"uv": [0, 3, 4, 6], "rotation": 270, "texture": "#5"}
			}
		},
		{
			"from": [13.04101, 29.04101, 6.025],
			"to": [16.04101, 32, 10.025],
			"rotation": {"angle": 0, "axis": "z", "origin": [14.54101, 25.47837, 8.025]},
			"faces": {
				"north": {"uv": [0, 0, 2.95899, 3], "rotation": 90, "texture": "#5"},
				"east": {"uv": [0, 0, 2.95899, 4], "rotation": 270, "texture": "#5"},
				"south": {"uv": [0, 0, 2.95899, 3], "rotation": 270, "texture": "#5"},
				"west": {"uv": [0, 0, 2.95899, 4], "rotation": 270, "texture": "#5"},
				"up": {"uv": [0, 0, 4, 3], "rotation": 270, "texture": "#5"},
				"down": {"uv": [0, 0, 4, 3], "rotation": 270, "texture": "#5"}
			}
		},
		{
			"from": [0.76242, 19.00191, 6.05],
			"to": [3.76242, 22.00191, 10],
			"rotation": {"angle": 22.5, "axis": "z", "origin": [0.26242, 20.00191, 8.05]},
			"faces": {
				"north": {"uv": [0, 3, 3, 0], "rotation": 90, "texture": "#4"},
				"east": {"uv": [0, 3.95, 3, 0], "rotation": 270, "texture": "#4"},
				"south": {"uv": [0, 3, 3, 0], "rotation": 270, "texture": "#4"},
				"west": {"uv": [0, 3.95, 3, 0], "rotation": 270, "texture": "#4"},
				"up": {"uv": [0, 3, 3.95, 0], "rotation": 270, "texture": "#4"},
				"down": {"uv": [0, 3, 3.95, 0], "rotation": 270, "texture": "#4"}
			}
		}
	],
	"gui_light": "front",
	"display": {
		"thirdperson_righthand": {
			"rotation": [75, 45, 0],
			"translation": [0, 2.5, 0],
			"scale": [0.375, 0.375, 0.375]
		},
		"firstperson_righthand": {
			"rotation": [0, 45, 0],
			"scale": [0.4, 0.4, 0.4]
		},
		"firstperson_lefthand": {
			"rotation": [0, 225, 0],
			"scale": [0.4, 0.4, 0.4]
		},
		"ground": {
			"translation": [0, -1.75, 0],
			"scale": [0.25, 0.25, 0.25]
		},
		"gui": {
			"rotation": [30, 225, 0],
			"scale": [0.625, 0.625, 0.625]
		},
		"head": {
			"translation": [0, -30.5, 0],
			"scale": [1.6, 1.6, 1.6]
		}
	}
}