{
  "parent": "minecraft:item/generated",
  "textures": {
    "layer0": "item/armor_stand"
  },
  "overrides": [
    {
      "predicate": {
        "custom_model_data": 330000
      },
	  
      "model": "tcc:item/armor_stand_with_arms"
	  
    }
	{"predicate": {"custom_model_data": 6370101},"model": "machine/item/crusher"},
    {"predicate": {"custom_model_data": 6370102},"model": "machine/crusher"},

    {"predicate": {"custom_model_data": 6370120},"model": "machine/chunk_loader_star"},





    {"predicate": {"custom_model_data": 6370201},"model": "random/disguise/oak"},
    {"predicate": {"custom_model_data": 6370202},"model": "random/disguise/birch"},
    {"predicate": {"custom_model_data": 6370203},"model": "random/disguise/spruce"},
    {"predicate": {"custom_model_data": 6370204},"model": "random/disguise/jungle"},
    {"predicate": {"custom_model_data": 6370205},"model": "random/disguise/acacia"},
    {"predicate": {"custom_model_data": 6370206},"model": "random/disguise/brown_mushroom"},
    {"predicate": {"custom_model_data": 6370207},"model": "random/disguise/red_mushroom"},
    {"predicate": {"custom_model_data": 6370208},"model": "random/disguise/cactus"},
    {"predicate": {"custom_model_data": 6370209},"model": "random/disguise/stone"},
    {"predicate": {"custom_model_data": 6370210},"model": "random/disguise/sugar_cane"},
    {"predicate": {"custom_model_data": 6370211},"model": "random/disguise/lilac"},
    {"predicate": {"custom_model_data": 6370212},"model": "random/disguise/dead_bush"},

    {"predicate": {"custom_model_data": 6370301},"model": "abilities/bamboo_spikes"},
    {"predicate": {"custom_model_data": 6370302},"model": "abilities/anvil"},
    {"predicate": {"custom_model_data": 6370303},"model": "abilities/dripstone"},
    {"predicate": {"custom_model_data": 6370304},"model": "abilities/chain"},
    {"predicate": {"custom_model_data": 6370305},"model": "abilities/amethyst1"},
    {"predicate": {"custom_model_data": 6370306},"model": "abilities/amethyst2"},
    {"predicate": {"custom_model_data": 6370307},"model": "abilities/amethyst3"},
    {"predicate": {"custom_model_data": 6370308},"model": "abilities/amethyst4"},
    {"predicate": {"custom_model_data": 6370309},"model": "abilities/pot"},
    {"predicate": {"custom_model_data": 6370310},"model": "abilities/ice_spike"},
    {"predicate": {"custom_model_data": 6370311},"model": "abilities/ice_spikes"},
    {"predicate": {"custom_model_data": 6370312},"model": "abilities/iron_spike"},
    {"predicate": {"custom_model_data": 6370313},"model": "abilities/iron_spikes"},
    {"predicate": {"custom_model_data": 6370314},"model": "abilities/iron_ore_spikes"},

    {"predicate": {"custom_model_data": 6370315},"model": "abilities/rock"},
    {"predicate": {"custom_model_data": 6370316},"model": "abilities/boulder"},
    {"predicate": {"custom_model_data": 6370317},"model": "abilities/bubble"},
    {"predicate": {"custom_model_data": 6370318},"model": "abilities/big_bubble"},
    {"predicate": {"custom_model_data": 6370319},"model": "abilities/iron_spike_angled"},
    {"predicate": {"custom_model_data": 6370320},"model": "abilities/earth_spike"},
    {"predicate": {"custom_model_data": 6370321},"model": "abilities/logdotzip_team"},
    {"predicate": {"custom_model_data": 6370322},"model": "abilities/tnt/amethyst"},
    {"predicate": {"custom_model_data": 6370323},"model": "abilities/tnt/arrow"},
    {"predicate": {"custom_model_data": 6370324},"model": "abilities/tnt/bee"},
    {"predicate": {"custom_model_data": 6370325},"model": "abilities/tnt/magnetic"},
    {"predicate": {"custom_model_data": 6370326},"model": "abilities/tnt/tntnt"},
    {"predicate": {"custom_model_data": 6370327},"model": "abilities/amethyst_shard"},
    {"predicate": {"custom_model_data": 6370328},"model": "abilities/large_foot"},
    {"predicate": {"custom_model_data": 6370329},"model": "abilities/foot"},
    {"predicate": {"custom_model_data": 6370330},"model": "abilities/jerome_axe"},
    {"predicate": {"custom_model_data": 6370331},"model": "abilities/zombie/zombie"},
    {"predicate": {"custom_model_data": 6370332},"model": "abilities/zombie/no_arms"},
    {"predicate": {"custom_model_data": 6370333},"model": "abilities/zombie/right_arm"},
    {"predicate": {"custom_model_data": 6370334},"model": "abilities/zombie/left_arm"},
    {"predicate": {"custom_model_data": 6370335},"model": "abilities/giant_arrow"},
    {"predicate": {"custom_model_data": 6370336},"model": "abilities/suit"},
    {"predicate": {"custom_model_data": 6370337},"model": "abilities/controller"},
    {"predicate": {"custom_model_data": 6370338},"model": "abilities/red_circle"},
    {"predicate": {"custom_model_data": 6370339},"model": "abilities/emerald"},
    {"predicate": {"custom_model_data": 6370340},"model": "abilities/villager_nose"},
    {"predicate": {"custom_model_data": 6370341},"model": "abilities/villager_anvil"},
    {"predicate": {"custom_model_data": 6370342},"model": "abilities/villager_projectile"}
  ]
}
