{
    "parent": "item/generated",
    "textures": {
        "layer0": "item/brick"
    },
	"overrides": 
	[
				{ "predicate": { "custom_model_data": 6370001}, "model": "datapacks/library"},				
                { "predicate": { "custom_model_data": 6370002}, "model": "datapacks/bokoblin"},
                { "predicate": { "custom_model_data": 6370003}, "model": "datapacks/stalfos"},
                { "predicate": { "custom_model_data": 6370004}, "model": "datapacks/keese"},
                { "predicate": { "custom_model_data": 6370005}, "model": "datapacks/magic_meter"},
                { "predicate": { "custom_model_data": 6370006}, "model": "datapacks/rods"},
                { "predicate": { "custom_model_data": 6370007}, "model": "datapacks/hammers"},
                { "predicate": { "custom_model_data": 6370008}, "model": "datapacks/villager_names"},
                { "predicate": { "custom_model_data": 6370009}, "model": "datapacks/bosses"},
                { "predicate": { "custom_model_data": 6370010}, "model": "datapacks/linear_difficulty"},
                { "predicate": { "custom_model_data": 6370011}, "model": "datapacks/boomerangs"},
                { "predicate": { "custom_model_data": 6370012}, "model": "zelda/shields/hylian_shield"},
                { "predicate": { "custom_model_data": 6370013}, "model": "datapacks/magical_bows"},
                { "predicate": { "custom_model_data": 6370014}, "model": "datapacks/bombs"},
                { "predicate": { "custom_model_data": 6370015}, "model": "datapacks/rings"},
                { "predicate": { "custom_model_data": 6370016}, "model": "datapacks/bubbles"},
                { "predicate": { "custom_model_data": 6370017}, "model": "datapacks/totem"},
                { "predicate": { "custom_model_data": 6370018}, "model": "zelda/clawshot/clawshot"},
                { "predicate": { "custom_model_data": 6370019}, "model": "datapacks/hookshot"},
                { "predicate": { "custom_model_data": 6370020}, "model": "datapacks/rupee"},
                { "predicate": { "custom_model_data": 6370021}, "model": "datapacks/machines"},
                { "predicate": { "custom_model_data": 6370022}, "model": "datapacks/apples"},
                { "predicate": { "custom_model_data": 6370023}, "model": "datapacks/swords"},
                { "predicate": { "custom_model_data": 6370024}, "model": "datapacks/bows"},
                { "predicate": { "custom_model_data": 6370025}, "model": "datapacks/pearls"},
                { "predicate": { "custom_model_data": 6370026}, "model": "datapacks/boots"},
                { "predicate": { "custom_model_data": 6370027}, "model": "datapacks/helmets"},
                { "predicate": { "custom_model_data": 6370028}, "model": "datapacks/picks"},
                { "predicate": { "custom_model_data": 6370029}, "model": "datapacks/trader"},
                { "predicate": { "custom_model_data": 6370030}, "model": "datapacks/redstone"},
                { "predicate": { "custom_model_data": 6370031}, "model": "datapacks/dye_shulkers"},
                { "predicate": { "custom_model_data": 6370032}, "model": "datapacks/totems"},
                { "predicate": { "custom_model_data": 6370033}, "model": "datapacks/diamonds"},
                { "predicate": { "custom_model_data": 6370034}, "model": "datapacks/axes"},
                { "predicate": { "custom_model_data": 6370035}, "model": "datapacks/crossbows"},				
                { "predicate": { "custom_model_data": 6370036}, "model": "datapacks/shovels"},				
                { "predicate": { "custom_model_data": 6370037}, "model": "datapacks/crazy_swords"},				
                { "predicate": { "custom_model_data": 6370038}, "model": "datapacks/diamond_swords"},				
                { "predicate": { "custom_model_data": 6370039}, "model": "datapacks/wands"},				
                { "predicate": { "custom_model_data": 6370040}, "model": "datapacks/moar_bosses"}				
	]
	
}